employee_id,first_name,last_name,department,salary,joining_date,age
1,Joshua,Ramos,Operations,65313.8,23-05-2024,42
2,Christina,Clark,IT,58827.32,02-10-2021,46
3,Jonathon,Sullivan,Operations,57427.31,30-04-2020,50
4,Clinton,Aguirre,HR,45352.74,04-04-2021,55
5,Veronica,Weber,Operations,78772.56,06-10-2020,51
6,Louis,Rivera,Finance,30448.72,05-05-2020,41
7,Sabrina,Gonzalez,Marketing,88476.72,15-10-2020,48
8,Jillian,Lewis,Marketing,49895.55,08-06-2021,33
9,Caroline,Kennedy,Finance,88878.64,17-07-2024,47
10,Adam,Sanchez,HR,88331.24,23-03-2020,38
11,Sara,Miller,Marketing,68588.45,21-07-2020,26
12,Hannah,Carrillo,Operations,82047.41,13-05-2024,59
13,Elizabeth,Johnson,IT,83585.45,11-12-2023,27
14,Victor,Lamb,Finance,55038.09,29-10-2024,56
15,Tammy,Collins,HR,39382.83,12-03-2021,52
16,Miranda,Mcmahon,Operations,41564.15,20-04-2021,37
17,Carla,Melton,Finance,41986.9,08-11-2024,28
18,Robert,Sullivan,Finance,72896.95,09-06-2024,46
19,Jessica,Williams,Operations,98452.12,02-07-2020,28
20,Kristina,Rivera,IT,85703.19,18-12-2022,59
21,Jason,Harding,Finance,54100.54,31-08-2022,47
22,Karen,Brown,Marketing,78103.24,07-02-2020,41
23,David,Webster,Marketing,35390.49,21-06-2022,54
24,Margaret,Barry,Marketing,58500.34,17-11-2024,53
25,Monica,Olson,IT,75404.05,02-01-2021,24
26,Eduardo,Smith,IT,96756.21,31-03-2021,42
27,Carrie,Olson,Marketing,72155.31,31-05-2021,23
28,Bradley,Flowers,HR,71647.02,20-01-2021,23
29,Derek,Dunlap,Finance,87172.65,04-05-2020,48
30,Christopher,Wilson,HR,85120.78,06-04-2021,28
31,Kristina,Banks,Operations,91453.39,14-09-2021,36
32,Nancy,Ortiz,HR,37425.94,18-04-2023,35
33,Kristine,Roberts,Finance,64355.51,02-02-2022,59
34,Robert,Duke,Marketing,49302.91,04-02-2020,48
35,Kenneth,Phillips,Finance,51958.01,01-11-2021,40
36,Douglas,Webster,Finance,96160.89,11-10-2024,26
37,Dylan,Warner,IT,57348.57,15-12-2022,31
38,Anthony,Moran,Marketing,61178.71,17-07-2022,33
39,Jessica,Stokes,IT,60328.03,24-12-2022,24
40,Katie,Gordon,HR,77255.03,28-12-2021,37
41,Kathleen,Bailey,Finance,92873.35,22-11-2024,24
42,James,Vaughn,HR,47270.87,18-11-2023,51
43,Jaime,Evans,HR,31594.03,21-04-2020,55
44,Vanessa,Rosario,Marketing,65408.88,15-04-2021,42
45,Dwayne,Kline,HR,55993.32,17-04-2023,31
46,Jeremiah,Silva,HR,34163.36,23-12-2021,46
47,Michelle,Perez,Finance,44352.52,29-11-2023,29
48,Ricardo,Wilson,IT,31024.79,27-12-2022,60
49,Barbara,Gay,IT,87649.9,16-04-2021,53
50,Eugene,Taylor,Finance,35104.03,09-01-2023,38
51,Joshua,Freeman,Finance,35893.46,25-03-2023,59
52,Melissa,Garcia,HR,49094.01,20-06-2021,51
53,David,Flynn,Operations,35475.54,09-03-2023,55
54,Steven,Robinson,HR,41451.52,08-12-2022,25
55,Thomas,Davis,Operations,61914.65,08-12-2022,33
56,Larry,Vargas,Finance,43182.66,23-09-2022,51
57,William,Hodge,Operations,60669.47,27-05-2024,41
58,David,King,Finance,32339.87,28-10-2021,39
59,Fred,Nicholson,HR,59827.76,29-01-2020,52
60,Rickey,Moore,Operations,77195.29,30-12-2022,30
61,Michael,Carlson,HR,37731.53,13-07-2020,36
62,Christy,Martin,IT,38943.3,21-05-2020,28
63,Alexis,Rodriguez,IT,75687.13,18-10-2020,36
64,Susan,Parker,Operations,77946.72,19-06-2020,42
65,Donna,Gibbs,HR,98453.91,26-09-2024,23
66,Stephen,Cox,Finance,57193.92,11-05-2023,34
67,Andrew,Evans,Operations,97693.15,27-07-2021,35
68,Kathleen,Mcintyre,Marketing,41015.44,24-08-2022,46
69,Sheri,Clark,Finance,63724.89,07-08-2023,42
70,Cassandra,Lee,Finance,74820.04,05-05-2024,57
71,Tiffany,Allen,Marketing,69740.45,30-05-2020,29
72,Roberto,Frost,HR,97048.59,17-10-2024,53
73,Robert,Grant,Marketing,91798.22,18-03-2024,32
74,Joshua,Powell,Finance,42744.06,16-03-2022,56
75,Ricardo,Johnson,Finance,58864,20-07-2023,31
76,Kyle,Durham,Marketing,51792.55,16-05-2023,31
77,Shawn,Banks,Operations,79243.09,28-08-2022,26
78,Brian,Campbell,Finance,73643.21,30-07-2023,59
79,Michael,Diaz,Marketing,63084.86,25-07-2020,35
80,Aaron,Foster,HR,90474.37,09-02-2024,56
81,Frank,Harper,Operations,89616.97,24-11-2024,60
82,William,Williams,Marketing,72750.58,28-03-2022,59
83,Regina,Cruz,HR,67870.5,08-07-2020,54
84,Brandy,Perry,Marketing,77254.08,27-10-2021,54
85,Betty,Griffin,Finance,99398.29,23-11-2024,55
86,Amy,Williams,IT,37718.75,17-04-2022,58
87,Jacob,Monroe,HR,50172.7,04-07-2021,27
88,Jill,Hall,Finance,78092.13,11-09-2022,53
89,Alexandra,Richmond,Operations,63588.59,03-01-2023,22
90,Tyler,Powers,Operations,64827.2,18-05-2024,22
91,Jonathan,Thompson,HR,62490.56,28-06-2020,53
92,Ashley,Martin,HR,50046.33,21-12-2023,32
93,Carmen,Mccoy,HR,57355.47,20-11-2023,58
94,Joy,Livingston,Marketing,42493.99,06-04-2024,38
95,Catherine,Williamson,Finance,95067.49,26-01-2023,29
96,Patricia,Patrick,Marketing,79539.11,22-04-2021,59
97,Benjamin,Cruz,Operations,98354.94,02-09-2024,59
98,Terry,Gallegos,HR,52962.04,13-10-2021,36
99,Dawn,Byrd,HR,41234.1,30-04-2020,53
100,Carrie,Acevedo,HR,41857.01,17-01-2022,37
101,Ricardo,White,HR,88300.52,21-10-2022,22
102,Emily,Nelson,Finance,68770.78,19-01-2022,45
103,Tanya,Thomas,Finance,67611.84,13-09-2021,29
104,Andrew,Mcgee,HR,85405.07,23-08-2020,59
105,Michael,Fritz,Marketing,64378.1,06-08-2021,35
106,Danielle,Bush,Operations,38389.78,25-07-2021,40
107,David,Craig,Marketing,38181.22,22-10-2021,25
108,Maurice,Crosby,Finance,96784.58,04-06-2023,54
109,Heather,Wood,HR,75964.82,28-06-2020,55
110,Jessica,Lawrence,Operations,83933.68,01-09-2022,27
111,Austin,Nichols,Finance,48184.56,26-08-2022,22
112,Betty,Cardenas,Finance,39584.67,20-07-2024,56
113,Raymond,Roberts,Marketing,66642.13,20-08-2022,60
114,Nancy,Kelley,Marketing,54063.49,07-12-2021,26
115,Stephanie,Brooks,HR,75502.1,04-10-2023,30
116,Olivia,Hughes,Operations,92492.73,07-08-2023,42
117,Alyssa,Rivera,IT,44335.7,23-11-2023,46
118,Stacey,Gonzalez,HR,96035.66,01-07-2024,41
119,Natalie,Mccormick,Operations,84462.16,27-04-2021,51
120,Mary,Smith,IT,44144.75,06-03-2020,22
121,Walter,Villanueva,Marketing,65796.03,19-09-2022,41
122,Elizabeth,Perkins,Operations,88243.31,30-10-2021,26
123,Debbie,Phillips,IT,56673.08,18-02-2023,58
124,Darryl,Evans,Finance,38116.58,26-07-2021,23
125,Marisa,Hines,HR,82784.71,18-06-2020,44
126,Ricky,Jimenez,IT,92445.46,27-11-2024,49
127,Michelle,Underwood,Operations,95090.64,24-06-2024,48
128,Kelly,Riley,IT,95520.11,01-07-2020,32
129,Melanie,Doyle,IT,47098.33,09-05-2021,41
130,Jennifer,Fox,HR,61777.14,02-08-2020,37
131,Natasha,Miranda,Operations,75664.19,24-05-2024,44
132,Jessica,Thomas,IT,69013.19,15-10-2020,32
133,Robert,Johnson,IT,95982.02,30-07-2023,25
134,Samantha,Moore,IT,76487.68,17-12-2022,24
135,Ronald,Terry,Marketing,86004.5,06-02-2021,39
136,Samuel,Benson,Finance,93215.95,02-09-2023,44
137,Paul,Werner,HR,79814.91,29-05-2023,38
138,Thomas,Booker,HR,96685.45,18-07-2024,43
139,Jennifer,Norris,Marketing,78256.39,27-07-2022,54
140,Shawn,Wright,Operations,39532.15,28-02-2024,28
141,Henry,Hampton,Marketing,98629.17,31-07-2022,34
142,Amanda,Bruce,IT,96446.84,09-10-2022,59
143,George,Leach,HR,69553.01,28-01-2021,37
144,Anthony,Nelson,IT,59409.65,07-07-2020,48
145,Mary,Gentry,Finance,59668.66,31-10-2024,41
146,Mia,Harris,Finance,70054.78,18-04-2020,42
147,Laura,Marquez,HR,78043.71,07-11-2023,56
148,Michael,Green,HR,40791.26,18-02-2021,59
149,William,Phillips,Marketing,58037.21,13-05-2023,26
150,Alejandro,Carlson,Finance,31515.61,01-06-2023,22
151,Collin,Meyers,Marketing,92177.09,14-06-2022,23
152,Sarah,Garner,HR,32007.84,25-12-2019,60
153,James,Peterson,HR,48794.48,16-03-2021,49
154,Miranda,Brown,Finance,75145.77,08-12-2021,57
155,Carl,Reed,Marketing,51031.46,13-10-2024,28
156,Kristina,Lozano,IT,66107.93,20-01-2020,55
157,Kimberly,Krause,Marketing,35367.11,26-03-2023,54
158,Michelle,Hicks,Finance,90610.91,03-06-2021,56
159,Sharon,Washington,HR,73190.6,04-04-2023,23
160,Melissa,Cline,Finance,96859.2,25-11-2021,24
161,Raymond,George,IT,53840.04,19-09-2020,60
162,Jermaine,Brown,Finance,77806.3,04-01-2022,24
163,Autumn,Martinez,IT,49900.39,11-12-2022,51
164,Christopher,White,IT,57815.21,15-08-2022,47
165,Terry,Stewart,Operations,87390.22,19-05-2020,30
166,Jeffrey,Parker,IT,86165.43,15-02-2024,38
167,Michael,Morris,Operations,67114.27,16-03-2021,51
168,Angela,Morris,IT,40796.29,23-11-2020,30
169,Samantha,Brown,HR,52076.52,30-03-2021,52
170,Jennifer,Jackson,IT,84774.45,17-07-2023,23
171,Valerie,Booth,HR,58303.11,02-07-2023,58
172,Alicia,Wolf,HR,53398.54,27-03-2023,60
173,Robert,Smith,Finance,55711.11,21-05-2021,24
174,Stephen,Knight,IT,66166.49,07-09-2023,33
175,Willie,Ramos,Marketing,48446.38,08-06-2024,40
176,Maria,Maddox,HR,31936.1,26-07-2022,57
177,Katie,Williams,IT,85924.95,24-07-2022,48
178,Michele,Davis,Operations,64518.81,25-12-2020,44
179,Noah,Jenkins,Finance,63930.92,06-08-2021,32
180,Jamie,Wood,HR,61960.44,25-10-2022,35
181,Kelly,Mejia,IT,67123.69,12-08-2023,56
182,Samantha,Adams,Finance,52614.66,09-06-2024,60
183,Tina,Silva,HR,72459.85,10-07-2021,45
184,Stacey,Schneider,Marketing,59386.27,27-07-2023,49
185,Nancy,Alexander,Operations,31897.11,28-10-2021,31
186,Madison,Davis,HR,63644.58,05-11-2024,57
187,Kristina,Martinez,Marketing,99644.45,17-05-2024,58
188,Eric,Clarke,IT,47090.34,22-04-2020,43
189,Kerry,Roberts,IT,47842.91,26-11-2022,32
190,Jennifer,Hicks,Finance,43961.97,23-07-2023,52
191,David,Johnson,Finance,74405.6,06-04-2023,31
192,Michael,Smith,IT,96986.85,30-10-2023,58
193,Justin,Bartlett,Finance,81295.65,01-11-2023,57
194,Ashley,Castillo,HR,92022.93,12-11-2024,34
195,Frank,Martin,Finance,51198.98,16-12-2023,35
196,Garrett,Hughes,HR,31785.83,15-06-2024,46
197,Jonathan,James,Finance,60562.67,04-01-2024,35
198,Alexandra,Lester,Operations,97142.6,16-06-2021,50
199,Kelly,Mendoza,Finance,99277.04,15-01-2020,42
200,Brandon,Cuevas,Marketing,78097.93,04-02-2020,45
201,Ray,Hall,Operations,46623.79,27-06-2022,53
202,Todd,Jones,Operations,81495.45,16-05-2020,34
203,Bradley,Bean,HR,47389.5,22-04-2024,46
204,David,Stevenson,Marketing,59048.78,30-10-2020,31
205,Tiffany,Rose,HR,42230.53,09-05-2022,54
206,Elizabeth,Maynard,Operations,92737.85,11-11-2023,50
207,Rodney,Curry,HR,91764.93,26-02-2021,26
208,Adrian,Lewis,HR,91344.97,27-07-2022,57
209,Daniel,Waters,Marketing,36835.93,10-01-2022,40
210,Lisa,Williams,HR,60210.51,17-01-2023,26
211,Brian,Mitchell,HR,36112.31,08-06-2021,35
212,Teresa,Howard,HR,69423.75,25-07-2022,44
213,Eric,Smith,Operations,32640.88,08-07-2022,39
214,James,Kennedy,Operations,85152.36,01-06-2023,54
215,Holly,Gonzalez,Marketing,58883.47,13-06-2021,58
216,Matthew,Smith,Marketing,48011.01,18-04-2023,28
217,Jill,Mccarthy,Operations,70908.83,07-11-2023,22
218,Kevin,Rodriguez,IT,38281.78,17-11-2023,27
219,Rebecca,Livingston,Operations,35347.06,02-06-2022,58
220,Katie,Goodwin,IT,47370.88,04-02-2021,26
221,Mary,Dean,Operations,45157.82,05-06-2023,54
222,Julie,Lane,HR,80795.63,08-11-2023,49
223,Todd,Brown,Finance,63927.3,27-05-2024,46
224,Brett,Mcdonald,Finance,54864.48,24-03-2022,36
225,Lonnie,Martin,Finance,43151.65,17-06-2022,59
226,Riley,Lambert,HR,61863.82,10-10-2024,22
227,Marissa,Evans,HR,36170.45,28-10-2020,54
228,Michelle,Taylor,Marketing,90016.84,24-04-2022,41
229,Austin,Barry,Marketing,83931.26,18-04-2022,25
230,James,Padilla,IT,94536.32,08-03-2020,27
231,Robert,Torres,IT,83708.62,22-12-2022,46
232,Ryan,Ellis,Operations,60257.36,19-10-2024,29
233,Lisa,Morgan,Operations,90939.23,22-05-2023,39
234,Jessica,Thompson,HR,46977.72,11-06-2024,24
235,Kristin,Meadows,IT,81983.07,27-07-2021,35
236,Mariah,Dickerson,Finance,76333.55,24-09-2020,36
237,Stacey,Dalton,Marketing,89916.17,24-08-2020,48
238,Tyler,Brown,Marketing,33331.79,08-05-2020,60
239,Taylor,Byrd,Operations,66327.77,05-05-2024,58
240,Patricia,Richardson,Operations,65795.11,10-12-2019,38
241,John,Clark,Marketing,38840.16,14-01-2022,42
242,Maxwell,Goodman,Operations,94485.99,22-11-2024,46
243,Kristopher,Wheeler,HR,77972.85,21-05-2023,56
244,Justin,Lynch,Finance,89298.17,02-05-2023,58
245,Caitlin,Lane,HR,39725.54,19-05-2021,34
246,Michael,Thomas,Marketing,49598.94,16-12-2021,55
247,John,Stevens,HR,44606.03,02-10-2021,29
248,Patrick,Suarez,Operations,59901.89,29-11-2021,55
249,Lisa,Hodges,IT,52268.68,21-04-2021,60
250,Melissa,Webster,HR,34912.03,01-06-2022,40
251,Brian,Wright,Finance,54407.75,05-01-2020,50
252,Melissa,Becker,Operations,55648.63,05-01-2023,29
253,Casey,Cooke,IT,84506.32,24-08-2022,32
254,Colleen,Ward,HR,46930.43,02-11-2021,37
255,Ashley,Williams,HR,82543.43,01-02-2020,38
256,Eric,Miller,IT,84968.51,09-11-2020,23
257,Jonathon,Kelly,HR,65750.3,05-08-2021,32
258,Elizabeth,Gates,Finance,38915.66,22-07-2020,57
259,Jodi,Oneill,HR,55058.86,31-12-2021,33
260,Michael,Taylor,HR,34314.43,19-09-2020,46
261,Alan,Diaz,IT,49346.43,18-03-2023,56
262,Katherine,Moreno,Marketing,55157.9,31-01-2024,23
263,Joseph,Smith,Marketing,67370.96,06-05-2021,47
264,George,Robertson,Marketing,39353.21,04-10-2023,50
265,Adam,Warren,Operations,92649.15,07-01-2023,58
266,Dave,Hammond,Operations,66760.48,28-03-2022,54
267,Jaclyn,Gonzalez,IT,60457.65,07-07-2021,24
268,Tracy,Wood,IT,86638.36,12-04-2020,45
269,Sharon,Sanchez,Operations,94587.07,04-04-2024,50
270,Robert,Clark,Marketing,36501.15,19-07-2024,24
271,Donna,Williamson,Operations,41766.32,30-01-2023,25
272,Tyler,Pratt,Marketing,82003.27,27-08-2020,47
273,Christina,Rodriguez,Finance,57127.82,16-04-2022,60
274,Debbie,Briggs,Marketing,98254.18,10-01-2024,44
275,Danielle,Washington,HR,50853.15,13-12-2022,47
276,Michelle,Miller,Finance,82903.44,06-06-2021,39
277,Jean,Calhoun,Finance,69422.3,21-03-2023,54
278,Kelly,Jensen,Operations,58404.76,16-07-2024,46
279,April,Larsen,Finance,58951.26,09-02-2021,23
280,Jeremy,Ibarra,Marketing,56982.69,14-10-2020,23
281,Tammie,Klein,Finance,62512.86,29-08-2021,53
282,Martin,Heath,IT,49368.61,10-10-2024,38
283,Kim,Hammond,HR,90917.35,09-07-2024,38
284,Michele,Ellis,Finance,41902.63,30-04-2021,60
285,Ashley,Barry,Marketing,47920.41,08-10-2023,25
286,Cynthia,Anderson,HR,79942.93,15-11-2021,50
287,Mark,Brown,Operations,30811.46,25-10-2024,29
288,Erica,Caldwell,HR,75627.38,29-06-2020,25
289,Julie,Fox,HR,98667.7,16-08-2021,46
290,Thomas,Lewis,HR,85008.82,26-08-2021,47
291,John,Fitzpatrick,HR,86338.68,09-08-2022,53
292,Cynthia,Thomas,HR,41969.41,26-08-2023,26
293,April,Lawrence,Marketing,92850.09,07-01-2023,31
294,Matthew,Guerrero,IT,67867.41,06-07-2024,29
295,Karen,Donaldson,HR,46485.81,25-11-2022,43
296,Mary,Kennedy,Marketing,87357.82,19-09-2020,23
297,Tonya,Olson,Finance,71725.78,30-08-2020,34
298,Kelly,Murphy,Operations,61072.6,25-10-2021,37
299,Robert,Weaver,IT,94593.15,16-08-2023,33
300,Matthew,Johnson,Operations,62453.44,08-06-2024,55
301,Nathan,Smith,Operations,70250.42,22-03-2020,26
302,Michael,Hernandez,IT,37367.21,20-11-2022,30
303,Cameron,Harrington,HR,55541.89,16-04-2022,59
304,Wendy,May,IT,86333.77,14-06-2021,56
305,Joseph,Watson,Operations,99160.74,27-06-2022,45
306,Scott,Deleon,Operations,43522.3,03-06-2023,43
307,Amanda,Parker,HR,30501.85,09-12-2023,26
308,Donna,Good,Marketing,51977.48,25-09-2020,24
309,Blake,Farmer,IT,66745.29,01-04-2023,35
310,Mary,Hurst,Operations,59485.71,05-01-2024,35
311,Paul,Jackson,Finance,92567.85,15-06-2024,29
312,Judy,Paul,IT,76786.67,13-08-2023,25
313,Paul,Johnston,Finance,92469.09,08-08-2024,37
314,Ashley,Bryant,Operations,42153.86,03-05-2022,46
315,Heather,Lane,Marketing,82759.74,01-06-2023,45
316,Kimberly,Rodriguez,Finance,45284.74,25-08-2023,55
317,Cody,Carter,Finance,69323.64,15-07-2022,47
318,Gabriella,Ramos,HR,88850.2,15-09-2020,23
319,Frank,Waters,Finance,68040.43,26-08-2022,29
320,Christopher,West,Marketing,58670.96,27-01-2022,31
321,Carly,Smith,HR,43724.71,05-04-2020,35
322,Kristina,Stokes,Finance,41053.55,01-07-2022,49
323,Ricky,Gross,Marketing,51508.56,06-10-2024,22
324,Vanessa,Jackson,HR,69330.56,09-05-2022,59
325,Robert,Cain,Operations,41329.44,22-03-2020,31
326,Kelly,Peck,Operations,93076.69,16-11-2024,39
327,Andrew,Joseph,Marketing,45714.45,23-03-2021,44
328,Eric,Wallace,HR,69255.21,01-02-2024,53
329,Donna,Allen,Finance,92277.56,08-03-2021,49
330,Melissa,Robertson,HR,67912.18,24-09-2024,49
331,Michelle,Lamb,HR,33319.16,08-10-2021,22
332,Donna,Hernandez,IT,80185.43,24-02-2020,45
333,Luis,Simpson,Marketing,90491.25,17-12-2021,36
334,Joseph,Lopez,HR,88812.05,14-02-2024,47
335,Mark,Hernandez,Operations,64112.84,11-03-2021,23
336,Ronald,Allen,Operations,89925.39,16-06-2021,59
337,Michael,Vazquez,Operations,42863.31,06-09-2020,52
338,Autumn,Sparks,IT,56595.67,24-08-2022,33
339,Cassandra,Baxter,Operations,66981.66,02-05-2021,25
340,Clifford,Wells,HR,74324.3,28-02-2023,43
341,Tammy,Erickson,Operations,68097.43,01-07-2024,36
342,Michelle,Ewing,HR,52299.65,15-10-2023,59
343,Katherine,Ortiz,IT,56223.11,29-12-2022,59
344,Carlos,Montgomery,Marketing,39675.15,19-05-2022,41
345,Alice,Waller,HR,62539.1,10-09-2022,27
346,Lori,Mcclure,Marketing,93482.76,01-08-2024,43
347,Patrick,Miller,Finance,69154.14,14-06-2020,40
348,Joshua,Kelley,HR,56431.43,11-04-2021,52
349,Bruce,Smith,Marketing,36226.94,10-12-2019,37
350,Jason,Boone,IT,98618.71,29-06-2024,40
351,Sarah,Miller,HR,71823.84,30-12-2023,29
352,Juan,Sawyer,Marketing,56350.59,31-03-2021,40
353,Sheri,Weber,IT,66018.44,26-10-2024,54
354,Cathy,Rivera,HR,60697.68,20-07-2022,22
355,Daniel,Gonzalez,Operations,92251.56,03-01-2020,24
356,Cynthia,Sexton,HR,33170.78,29-11-2020,33
357,John,Deleon,HR,64204.86,05-04-2023,35
358,Darlene,Moore,Marketing,82538.95,26-08-2023,39
359,Linda,Rivera,Operations,82788.39,12-06-2020,26
360,Roberto,Villarreal,IT,36628.35,24-01-2021,59
361,John,Mason,IT,71581.02,28-07-2021,31
362,Brittany,Suarez,Operations,83211.96,17-08-2023,22
363,Jocelyn,Brown,Finance,37932.82,15-03-2020,59
364,Sheri,Myers,IT,91853.56,25-11-2021,33
365,Nicole,Morales,Operations,76567.72,02-10-2023,41
366,Kimberly,Herring,Operations,76372.96,01-09-2023,26
367,Kayla,Meyer,Finance,50236.92,22-12-2022,28
368,Jennifer,Wilson,Operations,74424.26,01-11-2023,30
369,James,Mcbride,Marketing,88508.89,27-02-2024,42
370,Angela,Johnson,Marketing,90341.03,25-04-2023,27
371,Angel,Porter,HR,96593.95,27-02-2021,39
372,Sabrina,Hendricks,Finance,73909.43,07-10-2021,45
373,Robert,Cruz,Finance,48129.81,04-07-2021,36
374,Chad,Martin,Operations,35613.26,31-03-2023,29
375,Michael,Miller,Marketing,70228.87,15-05-2023,26
376,Kenneth,James,Finance,69447.77,15-01-2021,49
377,Elizabeth,Torres,IT,86194.62,24-08-2024,31
378,Lauren,Koch,Marketing,90433.67,27-11-2022,23
379,Brian,Thomas,IT,89838.52,27-10-2022,43
380,Gina,Guzman,HR,90868.84,14-01-2023,56
381,Melvin,Wallace,Operations,65710.06,06-08-2021,58
382,Steven,Hunt,Operations,61441.19,14-06-2021,55
383,Amanda,Robinson,HR,84871.21,09-12-2020,57
384,David,Nelson,Finance,70172.76,14-10-2020,33
385,Christopher,Miller,IT,44018.89,24-03-2023,34
386,Ashley,Peterson,IT,30102.76,18-10-2022,49
387,Billy,Gibson,IT,35288.85,16-04-2023,58
388,Megan,Dunn,Finance,82434.32,27-10-2021,54
389,Ryan,Sellers,Finance,82652.69,02-10-2020,40
390,Anna,Khan,HR,51371.36,08-05-2024,41
391,Leslie,Gonzalez,Marketing,83864.73,28-07-2024,52
392,Thomas,Harris,IT,38518.89,01-10-2024,53
393,Samantha,Potter,IT,49388.56,15-06-2021,40
394,Penny,Ingram,HR,96482,12-12-2020,43
395,Zachary,Snow,Operations,91679.45,26-05-2023,57
396,Anna,Huang,Marketing,46762.12,07-01-2020,35
397,Stephen,Smith,IT,52391.58,27-11-2020,43
398,Holly,Nelson,Marketing,89488.25,20-10-2021,46
399,Karen,Campbell,IT,91227.56,24-12-2022,35
400,Christina,Edwards,Marketing,97886.57,24-03-2023,22
401,Jeffrey,Robertson,Operations,34103.02,22-01-2024,27
402,Jill,Daniel,IT,71817.32,20-06-2020,43
403,Brianna,Morgan,Operations,32507.18,06-08-2023,59
404,Pamela,Johnson,Marketing,89159.6,11-11-2021,35
405,Melissa,Frazier,HR,34023.42,30-09-2023,46
406,Megan,Gomez,Operations,91382.24,21-12-2020,22
407,Ruben,Gregory,Finance,98529.36,15-08-2023,29
408,Melinda,Smith,IT,31775.92,24-08-2021,47
409,Ryan,Johnson,Operations,53167.7,24-06-2020,34
410,Yvonne,Nelson,IT,61106.99,04-09-2024,57
411,Joshua,Aguilar,Finance,90940.26,26-07-2021,52
412,James,Martinez,Operations,91281.87,19-05-2023,41
413,Dennis,Bryant,Operations,40270.25,22-03-2021,41
414,Steven,French,HR,41675.08,28-03-2021,28
415,Felicia,Smith,Operations,57224.92,14-01-2020,59
416,Patricia,Hamilton,Operations,67486.74,11-09-2021,24
417,Meghan,Buck,Finance,87892.03,15-11-2023,55
418,Julie,Bush,Operations,50243.39,06-04-2023,31
419,Heather,Miller,Marketing,54067.42,15-09-2020,40
420,Rhonda,Pierce,Finance,53518.38,05-06-2024,32
421,Amanda,Austin,IT,84262.43,06-10-2021,33
422,Michelle,Hill,Finance,79789.52,19-11-2022,27
423,Gerald,Wright,Marketing,46567.55,04-09-2020,57
424,Thomas,Thompson,Finance,88557.39,03-02-2022,29
425,Bryan,Maddox,Finance,53130.48,22-07-2021,27
426,John,Figueroa,HR,95976.17,14-10-2024,51
427,Lisa,Diaz,IT,87108.54,15-09-2023,22
428,Andrea,Warren,Finance,52099.23,16-07-2024,23
429,Justin,King,Marketing,47529.6,11-10-2024,29
430,Emma,Thomas,Operations,60215.98,22-09-2020,38
431,Mary,Alexander,Finance,43114.04,15-08-2022,55
432,Richard,Williams,Finance,32705.12,07-04-2021,43
433,David,Lynch,Marketing,64280.09,21-01-2022,28
434,Erica,Smith,Operations,87877.83,10-02-2022,42
435,Raymond,Estrada,Finance,52997.19,09-02-2020,36
436,Dustin,Nielsen,IT,60875.98,06-04-2021,32
437,Faith,Green,IT,99494.27,03-01-2021,36
438,Jonathan,Bailey,IT,63530.76,21-10-2024,32
439,Dustin,Mitchell,Operations,36881.34,25-10-2022,56
440,Donald,Smith,IT,92148.35,11-11-2024,40
441,Julie,Hernandez,IT,66634.67,30-08-2020,33
442,Donald,Becker,Finance,50391.45,26-02-2020,33
443,Lindsey,Nelson,Operations,74828.45,11-11-2021,42
444,Abigail,Oconnell,IT,46059.59,16-12-2019,34
445,Christian,Morris,Finance,62664.51,18-08-2020,48
446,Mitchell,Murphy,Finance,85482.29,16-01-2020,44
447,Daniel,Larsen,Finance,47067.39,02-02-2021,58
448,Nancy,Wagner,Operations,51024.97,12-06-2024,53
449,Marc,Johnson,IT,52500.65,27-06-2022,23
450,Julie,Lopez,IT,96601.8,08-12-2020,39
451,Keith,Alvarez,IT,68488.18,18-02-2022,56
452,Becky,Hunter,Marketing,56462.94,16-04-2024,41
453,Tanya,Pope,Finance,95030.98,06-03-2021,51
454,April,Tran,Marketing,91639.47,05-09-2023,33
455,Ryan,Welch,HR,73774.53,23-04-2024,54
456,Derek,Perez,HR,41852.2,09-07-2021,44
457,Lisa,Green,IT,67750.29,17-10-2020,41
458,Laurie,Richard,Finance,88912.33,19-10-2020,51
459,Bruce,Harris,IT,51769.13,09-03-2020,50
460,Joseph,Chavez,Finance,75081.25,07-01-2021,45
461,Donna,Murphy,Finance,36696.71,08-10-2024,34
462,Steven,Perry,HR,72323.29,14-04-2021,48
463,Timothy,Gardner,Finance,77497.58,13-12-2020,41
464,Shaun,Garcia,IT,41268.71,19-08-2022,42
465,Adam,Herrera,IT,77124.97,23-02-2024,41
466,Tonya,Hill,Operations,48064.66,21-12-2020,51
467,Jennifer,Shaw,Operations,84027.62,21-06-2020,58
468,Robert,Payne,IT,69811.18,20-05-2023,50
469,Amy,Ramirez,Operations,76922.5,27-06-2020,53
470,Jillian,Brown,Operations,62012.52,04-08-2023,47
471,Christopher,Baker,Finance,35086.94,15-02-2021,26
472,Rachel,Ray,HR,51650.95,15-02-2022,58
473,Krystal,Fisher,Finance,65847.29,29-09-2021,51
474,Sarah,Moses,IT,64688.27,18-12-2023,24
475,Juan,Diaz,Operations,68121.69,29-09-2022,37
476,Melissa,Copeland,IT,85179.69,13-02-2024,36
477,Megan,Garcia,Finance,87082.57,04-03-2020,53
478,Jessica,Sparks,Marketing,81181.01,15-10-2022,29
479,Kimberly,Williams,HR,99774.95,23-01-2024,57
480,John,Morris,IT,38112.58,26-10-2024,59
481,Jamie,Kelly,HR,57830.85,05-01-2024,29
482,David,Owens,Operations,91946.47,15-10-2023,41
483,Megan,Long,Operations,70813.55,21-09-2022,39
484,Jack,Valencia,HR,73865.98,08-07-2021,38
485,Michael,Mcdaniel,Operations,99530.75,21-11-2021,49
486,Maria,Barker,HR,81398.29,18-09-2024,49
487,Evelyn,Wright,Marketing,85107.82,13-08-2023,31
488,Derek,Hughes,IT,90247.4,25-02-2021,53
489,Angelica,Ward,IT,47227.88,07-10-2021,59
490,Victoria,Porter,IT,86330.52,31-07-2022,49
491,Gerald,Day,IT,98663.22,28-04-2020,57
492,Elijah,Best,Marketing,88831.19,27-07-2024,42
493,Joseph,Ibarra,Marketing,99953.4,19-07-2023,47
494,Gregory,Mason,Finance,31196.33,04-01-2024,60
495,Tyler,Robertson,IT,66930.61,20-05-2021,50
496,Samantha,Bailey,HR,51283.71,15-10-2021,52
497,Paige,Castillo,IT,84268.93,25-04-2024,38
498,Amanda,Powers,IT,70047.52,25-02-2024,32
499,Sonya,Wilson,Marketing,30145.3,11-01-2020,29
500,Catherine,Park,HR,52951.79,11-03-2022,41
501,Catherine,Martinez,Finance,68442.71,16-08-2024,59
502,Lawrence,Preston,HR,84044.46,09-09-2024,39
503,Tara,Robinson,HR,30792.28,10-03-2020,49
504,Carol,Hernandez,IT,70033.34,10-03-2020,50
505,Jasmine,Bishop,Operations,74589.67,08-02-2022,59
506,Anna,Wells,IT,46957.97,08-07-2022,31
507,Jennifer,Spears,IT,46705.82,09-05-2022,42
508,Billy,Baxter,Operations,45086.68,03-09-2021,59
509,Sara,Thomas,Marketing,45060.57,13-01-2024,52
510,Stephanie,Baxter,Operations,37941.67,22-02-2022,51
511,Kristina,Mckinney,HR,44169.9,15-10-2022,57
512,Hannah,Martin,Marketing,63376.81,16-04-2021,28
513,Rebecca,Osborne,HR,86670.89,12-06-2022,35
514,George,Cruz,Marketing,82612.73,03-09-2020,28
515,Christine,Alvarez,Operations,65622.5,23-03-2023,22
516,Heather,Mills,Finance,84551.53,03-12-2020,44
517,Angela,Gibson,HR,89505.61,01-02-2021,26
518,Laurie,Gallegos,IT,39792.4,24-02-2020,55
519,Lisa,Cantu,Operations,45061.68,02-08-2023,39
520,Debra,Reilly,Marketing,70260.17,16-07-2022,43
521,Brian,Strickland,IT,83685.71,17-06-2020,34
522,Heather,Hatfield,Marketing,62944.35,28-07-2023,31
523,Brian,Taylor,HR,95721.03,07-06-2023,22
524,Sheena,Wright,Finance,30338.25,04-10-2023,32
525,Reginald,Edwards,Operations,58072.08,09-04-2022,31
526,George,Harrington,Operations,37468.33,25-08-2021,39
527,Dustin,Bright,Marketing,38236.79,12-06-2024,44
528,Derek,Mcdaniel,Finance,53428.77,17-04-2022,25
529,Danny,Beck,Marketing,96881.22,18-05-2023,27
530,Kevin,Smith,Operations,76204.5,02-09-2023,51
531,David,Washington,IT,96016.86,29-08-2021,56
532,Courtney,Lawson,Finance,80647.04,07-12-2019,25
533,Aaron,Kelly,IT,65332.97,12-11-2024,57
534,Jacob,Lewis,Finance,30214.96,09-01-2023,33
535,Gina,Walton,IT,91418.92,06-07-2021,29
536,James,Griffin,Finance,65101.12,09-05-2022,34
537,John,Palmer,IT,98697.55,24-05-2020,34
538,Teresa,Lee,Finance,99901.22,24-06-2024,25
539,Kenneth,Johnson,HR,56104.19,30-08-2023,34
540,Heather,Allen,Operations,73967.56,17-04-2024,47
541,Molly,Wagner,Marketing,55119.72,26-01-2020,46
542,Isabella,Rogers,Marketing,35914.46,25-12-2019,52
543,Alex,Harris,IT,48140.31,06-10-2022,57
544,Joshua,Henderson,Marketing,89917.06,09-06-2021,55
545,Melody,Brown,Marketing,58562.86,18-12-2023,36
546,Luis,Turner,Operations,62586.18,05-05-2024,52
547,Crystal,Rodriguez,Marketing,65073.84,20-01-2024,24
548,Hunter,Jacobs,Marketing,50996.83,01-10-2021,57
549,Lisa,Riddle,Operations,63688.29,06-09-2024,28
550,Christine,Murphy,Finance,74669.79,31-03-2021,45
551,Courtney,White,HR,65017.28,10-09-2020,60
552,Christine,Brown,HR,75378.68,15-07-2021,46
553,Sandra,Jackson,Marketing,34414.64,04-10-2021,59
554,Mary,Roberts,IT,77312.7,21-05-2020,38
555,Sharon,Flores,IT,78550.15,17-11-2023,47
556,Elijah,Logan,Finance,90439.19,15-07-2024,23
557,Jessica,Lucas,Marketing,34301.96,08-11-2024,59
558,Tina,Carroll,Marketing,55741.23,10-05-2024,53
559,Kelli,Rivera,Marketing,58286.42,11-01-2021,34
560,Larry,Fry,Operations,74237.32,22-09-2022,54
561,Jason,Green,IT,47370.04,20-10-2022,58
562,Terri,Snyder,HR,62258.56,22-02-2024,27
563,Michelle,Burton,IT,48654.97,25-09-2022,28
564,Colton,Jones,Marketing,71534.86,09-11-2021,46
565,Sheila,Hood,Marketing,80821.37,15-01-2024,42
566,Jesus,Fletcher,Finance,39367.09,19-06-2021,41
567,Adam,Kirby,Operations,59382.16,24-12-2021,55
568,Kyle,Martin,HR,74321,08-11-2021,44
569,Maureen,Travis,HR,62790.59,24-05-2023,29
570,Mackenzie,Patel,Marketing,84535.01,09-11-2024,39
571,John,Sims,Operations,58879.99,10-11-2021,40
572,Taylor,Singh,Finance,74306.94,04-07-2024,31
573,Jacqueline,Ferguson,HR,31534.88,04-06-2020,35
574,Erin,Glass,Operations,69641.4,27-06-2020,35
575,Brooke,Taylor,Operations,50789.06,12-02-2020,50
576,Joshua,Jenkins,Finance,83882.18,28-02-2021,39
577,Dennis,Olsen,HR,47496.19,17-12-2020,41
578,Charles,Shepard,Finance,99176.2,07-06-2022,43
579,Kristen,Allen,Operations,79083.68,02-04-2024,59
580,Emily,Morris,Marketing,89566.33,12-04-2023,28
581,Heather,Roberts,Finance,67202.96,04-06-2024,23
582,Tyler,Scott,IT,77705.97,28-04-2022,54
583,Allen,Fowler,Operations,42055.46,20-05-2024,51
584,Diane,Grant,Marketing,81973.09,21-11-2022,47
585,Patrick,Parks,Finance,99113.63,03-09-2024,22
586,Jessica,Brewer,Operations,66854.89,01-02-2024,48
587,Juan,Cunningham,HR,46501.32,14-08-2021,34
588,Kayla,Ferrell,Finance,55658.83,14-10-2022,41
589,Lindsey,Meza,IT,54482.46,22-05-2020,28
590,Robert,Garcia,Finance,74270.65,20-11-2023,44
591,Lauren,Massey,Operations,73844.21,08-05-2023,57
592,Karen,Reyes,HR,49640.03,10-02-2022,28
593,Norma,Harris,IT,76404.92,12-11-2021,36
594,Michele,Estes,Marketing,39327.27,14-05-2021,47
595,Aaron,Ortiz,IT,82902.59,03-08-2022,50
596,Tom,Price,HR,72849.22,20-02-2021,54
597,Monica,West,HR,46845.21,24-11-2024,36
598,Jenna,Rice,IT,87815.96,18-09-2022,58
599,Edward,Williams,Operations,93870.71,11-03-2024,28
600,Edward,Williams,Operations,79559.77,09-03-2021,32
601,Andrew,Mata,Marketing,63296.82,30-08-2023,38
602,Juan,Butler,HR,47211.99,07-03-2020,42
603,David,Williams,Operations,84895.62,22-11-2020,27
604,Benjamin,Floyd,IT,62232.01,14-12-2022,27
605,Jennifer,Sanchez,Finance,89966.98,05-05-2023,49
606,Michael,Kennedy,IT,50105.46,11-10-2021,58
607,Ryan,Davidson,HR,78986.38,07-05-2022,38
608,Cassandra,Salinas,HR,44327.26,22-06-2022,59
609,Tim,Carroll,Marketing,53296.38,14-02-2020,36
610,Kimberly,Williams,IT,52193.81,09-04-2021,39
611,George,Long,Finance,51830.12,15-07-2021,37
612,Frances,Blair,Finance,50446.03,23-12-2021,50
613,Matthew,Bishop,Operations,64506.72,11-11-2023,47
614,Mackenzie,Chen,IT,78728.97,21-12-2020,60
615,David,Ryan,Marketing,42375.02,12-01-2023,37
616,Steven,Ramirez,Operations,81840.67,26-02-2022,39
617,Benjamin,Peters,Marketing,47999.53,02-10-2022,28
618,Michael,Davis,Operations,47246.41,27-02-2021,30
619,Robin,Bailey,Finance,62279.18,28-11-2022,22
620,Thomas,Day,HR,64166.2,22-07-2021,52
621,Jennifer,Anderson,Finance,65488.9,11-05-2023,42
622,Hunter,Burch,Operations,59321.22,18-03-2022,45
623,Andrew,Riley,IT,44245.78,29-07-2022,53
624,Colin,Ward,HR,81914.12,06-01-2022,31
625,Thomas,Hamilton,HR,38995.73,23-09-2022,25
626,Cody,Watson,Marketing,61109.2,28-02-2020,36
627,Charles,Cook,IT,64615.28,16-06-2022,58
628,Megan,Knight,Operations,68093.44,17-04-2024,59
629,Kenneth,Chan,IT,94957.2,12-05-2023,54
630,Stephen,Hoffman,Operations,39907.03,22-04-2023,48
631,Nicole,Howard,IT,39582.58,07-11-2021,41
632,April,Davis,Marketing,55585.77,07-05-2023,34
633,Brian,Parker,IT,35971.48,01-05-2022,59
634,Mary,Bennett,Operations,52426.82,31-10-2022,33
635,Martin,Day,Finance,63082.97,06-12-2022,45
636,Monica,Ballard,IT,86677.65,20-09-2022,29
637,Brandon,May,Marketing,82492.74,10-07-2020,58
638,Valerie,Arnold,Operations,43962.85,12-10-2020,22
639,Matthew,Mcdonald,IT,97416.22,02-09-2022,46
640,Wesley,Adams,HR,77005.51,30-10-2021,47
641,Edward,Smith,Finance,36400.78,28-11-2020,48
642,Sean,Mcdaniel,Operations,58413.05,27-08-2021,54
643,Robert,Thomas,IT,58460.91,12-01-2020,46
644,Rachel,Butler,Marketing,87780.78,09-02-2020,38
645,Lance,Rodriguez,Marketing,71754.65,28-12-2019,54
646,Amanda,Crawford,IT,62456.28,28-09-2024,59
647,Alexander,Simmons,Marketing,64771.12,08-10-2022,29
648,Lindsay,Marsh,Finance,85599.02,04-01-2022,38
649,Nicholas,Mcdonald,IT,45980.69,24-05-2021,42
650,Hayley,Jones,Marketing,54231.8,11-03-2021,26
651,Ryan,Lee,HR,31073.86,02-09-2020,60
652,David,Moss,Operations,64774.48,12-12-2023,54
653,Ryan,Smith,Operations,30118.59,20-03-2022,25
654,Jeremy,Fox,Finance,47327.58,10-03-2021,60
655,Tiffany,Ward,Marketing,63307.83,25-11-2023,57
656,Jillian,Perez,HR,48982.56,26-07-2022,51
657,Kristi,Ramirez,IT,71174.64,22-06-2020,26
658,Lisa,Odonnell,Finance,77699.82,30-04-2020,48
659,Kim,Clark,HR,90037.51,19-04-2022,53
660,Anthony,Kirby,IT,58580.65,22-07-2023,32
661,Brenda,Joseph,IT,98506.28,12-02-2023,46
662,Darlene,Hill,IT,37675.6,01-06-2020,24
663,Stacy,Smith,IT,64429.43,13-04-2023,24
664,Christopher,Ware,HR,94529.08,19-04-2021,46
665,Juan,Norton,IT,94725.44,24-05-2022,51
666,Tracy,Brooks,Finance,81753.81,13-03-2021,46
667,Donna,Thompson,Operations,95875.92,07-08-2024,36
668,Amy,Lawrence,Marketing,88468.66,20-06-2022,48
669,Daniel,Griffin,HR,91732.52,20-01-2023,25
670,Stacy,Schmidt,Marketing,98117.36,13-01-2023,48
671,Bradley,Hart,Operations,87771,05-07-2024,55
672,Joseph,Stanley,Operations,44484.92,24-11-2020,28
673,Jonathan,Fernandez,Operations,68122.58,02-02-2020,36
674,Victoria,Mosley,IT,92988.26,14-04-2024,29
675,Kelly,Carson,Operations,44725.53,29-07-2020,32
676,Matthew,Kelly,Marketing,83457.39,24-05-2024,32
677,Cory,Richard,HR,36959.54,12-05-2023,45
678,Dennis,Scott,Operations,38572.54,03-07-2020,33
679,Brandon,Higgins,HR,84931.69,16-09-2021,28
680,Julie,Rivers,Marketing,93011.58,29-07-2021,52
681,Javier,Ingram,HR,76310.64,01-08-2022,28
682,Mary,Rivera,Marketing,78199.3,12-05-2022,58
683,Aaron,Vega,Marketing,60504.18,22-11-2020,51
684,Nicole,Bates,Marketing,87419.13,12-10-2021,28
685,Daniel,Cooper,Marketing,37404.35,09-06-2023,35
686,Kelli,Jenkins,Operations,75346.53,28-05-2024,32
687,Laurie,Martinez,Marketing,73302.56,24-08-2020,37
688,Dawn,Cooke,Finance,87856.53,18-11-2021,27
689,Judy,Bolton,Operations,56434.83,21-08-2023,53
690,Daniel,Ramos,Marketing,78834.59,27-03-2021,22
691,Corey,Barton,IT,99969.69,17-07-2022,52
692,Olivia,Johnson,Operations,39895.64,04-03-2022,39
693,Jeffrey,Morgan,IT,43345.13,25-05-2020,34
694,Kimberly,Myers,Marketing,38732.13,25-11-2023,24
695,April,Matthews,Marketing,56676.22,24-07-2020,28
696,Kevin,Bishop,HR,52851.62,12-12-2023,54
697,Roberta,Cooper,Marketing,40646.03,16-11-2024,45
698,Eric,Cunningham,IT,79158.38,31-10-2024,47
699,Joshua,Salas,HR,80795.26,22-10-2021,31
700,Jeffrey,Lewis,HR,84782.51,29-06-2023,52
701,Angela,Murphy,Marketing,69066.09,25-11-2021,27
702,Daniel,Oconnor,IT,75259.22,15-08-2020,44
703,Connor,Lucas,Finance,73622.5,07-01-2024,53
704,Tyler,Thompson,IT,94686.42,21-09-2023,32
705,Joyce,Odom,Finance,85967.68,24-04-2024,24
706,Pamela,Smith,HR,79761.48,13-02-2023,49
707,Brian,Swanson,Finance,63079.08,31-01-2023,38
708,John,Bennett,HR,81386.6,13-03-2024,33
709,Eric,Bennett,IT,87258.95,05-07-2020,31
710,Andre,Miller,Operations,58595.76,07-09-2020,27
711,Adam,Ramsey,Marketing,55092.39,15-09-2021,51
712,Abigail,Garrett,Marketing,59596.29,18-05-2022,39
713,Ana,Shields,Finance,41767.13,21-10-2020,42
714,Jonathan,Lowe,Marketing,88143.03,20-01-2020,25
715,Morgan,Wilson,HR,54129.54,19-01-2022,34
716,Jesus,Luna,Operations,61862.8,14-08-2023,51
717,Timothy,Trujillo,IT,89841.64,24-12-2023,46
718,Daniel,Sharp,Operations,69636.3,25-04-2021,59
719,Melinda,Davidson,IT,82194.64,27-11-2022,37
720,Paul,Petty,Finance,79137.8,15-10-2024,53
721,Christopher,Brown,IT,92549.18,11-11-2023,39
722,Brian,Ramirez,HR,32398.69,15-04-2024,26
723,Kathryn,Thomas,Finance,60260.61,12-05-2022,37
724,Amy,Mcgee,Finance,59059.45,03-05-2021,29
725,Shannon,Goodman,IT,84410.58,24-12-2022,29
726,Angela,Mckinney,Finance,52970.93,14-04-2023,38
727,Connie,Luna,HR,64556,24-08-2024,24
728,Arthur,Lopez,IT,63982.23,25-11-2023,52
729,Susan,Sherman,HR,71296.04,29-08-2023,47
730,Mark,Davis,Operations,64203.03,23-04-2024,46
731,Derrick,Rodriguez,HR,45737.44,16-11-2024,55
732,Carl,Smith,IT,44229.15,01-11-2021,60
733,Meredith,Nelson,Finance,38683.07,11-11-2024,41
734,Kevin,Noble,Operations,73611.63,07-12-2020,31
735,Adrian,Schmidt,HR,60648.05,18-01-2022,38
736,Linda,Knox,HR,38242.09,13-11-2023,31
737,Craig,Kaufman,Finance,36781.49,29-04-2023,57
738,Michele,Doyle,IT,70852.1,30-10-2023,31
739,Julie,Burke,IT,92467.83,06-11-2022,35
740,Randall,Garcia,HR,67728.42,19-04-2023,34
741,Nathan,Hess,Operations,56926.81,14-07-2022,57
742,Patricia,Kirk,IT,40540.07,29-12-2019,43
743,Luke,Lawrence,IT,41702.77,27-07-2022,49
744,Brian,Mcclure,IT,76542.09,05-12-2020,50
745,Carrie,Brooks,Operations,39718.65,07-02-2024,28
746,Brittany,Warren,IT,95509.49,07-12-2022,54
747,Chase,Harris,HR,38838.34,27-10-2022,42
748,Laura,Baker,Marketing,62128.48,16-11-2021,27
749,Travis,Williams,IT,37122.94,13-09-2023,50
750,Elizabeth,Perry,IT,64384.67,11-07-2024,36
751,Christopher,Rodriguez,Finance,83571.55,10-05-2022,39
752,Jon,Rogers,Operations,63194.09,02-07-2020,50
753,Lisa,Garcia,HR,83345.27,09-02-2021,41
754,Daniel,Parks,HR,44927.18,17-05-2020,57
755,Rose,Curtis,Marketing,66135.47,16-12-2022,40
756,Jacob,Lopez,Finance,39413.98,03-04-2020,23
757,Jimmy,Gibson,Operations,90850.73,27-03-2024,42
758,Susan,Williams,Marketing,48365.88,09-02-2022,28
759,Daniel,Myers,Operations,40077.35,14-04-2024,57
760,Laura,Lopez,Marketing,63664.92,20-12-2019,38
761,Danny,Lin,Operations,73773.58,17-09-2022,54
762,Daniel,Bailey,Marketing,86601.18,27-10-2024,36
763,Christopher,Clarke,Operations,96631.59,17-05-2024,48
764,Emily,Mueller,Finance,31557.69,31-10-2024,26
765,Nathan,Fitzgerald,Operations,82885.91,26-07-2021,46
766,Jesse,Snyder,Finance,76959.56,14-01-2021,29
767,Karen,Garcia,Marketing,54060.66,20-07-2024,29
768,Edward,Flores,IT,76601.14,24-07-2022,43
769,Michelle,Singh,IT,78684.07,20-02-2022,38
770,Michael,Goodwin,Marketing,80961.56,10-04-2023,58
771,Adam,Horton,IT,72441.89,05-04-2022,22
772,Charles,Bass,Finance,81964,04-11-2022,25
773,Ricardo,Young,HR,92354.5,18-09-2020,34
774,Sharon,Cummings,HR,65472.46,03-04-2024,44
775,Jennifer,Davenport,HR,72728.64,06-11-2021,44
776,David,Carroll,Finance,64242.48,30-05-2024,43
777,Lisa,Thompson,Marketing,35621.71,15-09-2022,26
778,Kristin,Ramirez,HR,39972.32,14-02-2022,54
779,Kimberly,Myers,Operations,57472.6,11-02-2020,30
780,Dan,Thompson,Operations,64379.07,08-05-2024,37
781,William,Miller,HR,58016.84,13-03-2023,23
782,Antonio,Schultz,Marketing,95804.28,28-02-2022,32
783,Blake,Blankenship,Marketing,93881.72,04-07-2021,29
784,Bridget,Golden,Marketing,53690.94,01-07-2021,28
785,Jeffrey,Willis,HR,96006.22,18-07-2020,22
786,Patricia,Boyd,Operations,36452.01,20-09-2024,58
787,James,Farley,Finance,58887.73,29-01-2023,51
788,Peggy,Martin,IT,51377.83,12-09-2021,33
789,Alexander,Rose,IT,87962.04,03-10-2020,50
790,Jade,Wilson,IT,87170.29,16-07-2020,47
791,Justin,Hamilton,Finance,53375.31,18-04-2020,28
792,Amanda,Ramirez,HR,90385.44,13-01-2022,48
793,Laura,Cunningham,Operations,76845.17,26-03-2022,42
794,Brittany,Wong,Operations,48036.71,02-05-2023,56
795,Mason,Rodriguez,Marketing,83383.19,10-02-2021,40
796,Jonathan,Ross,IT,69020.7,08-07-2024,27
797,Scott,Nelson,HR,94982.49,14-08-2020,41
798,Melissa,Townsend,IT,99618.31,21-07-2022,51
799,Tammy,Kirby,IT,85980.83,09-09-2020,51
800,Micheal,Diaz,Finance,58079.49,09-11-2021,51
801,David,Herring,Finance,86153.12,27-09-2021,53
802,Jean,Henderson,Finance,96934.22,07-06-2023,26
803,Joseph,Tate,Finance,39392.15,19-08-2022,52
804,George,Jimenez,Finance,71891.28,09-09-2021,39
805,Charles,Lang,HR,53047.8,29-01-2022,31
806,Lindsey,Payne,Operations,63803.69,06-08-2023,48
807,Mary,Leon,HR,57259.74,22-04-2023,28
808,John,Austin,Finance,30228.7,24-08-2024,39
809,David,Vasquez,HR,46619.94,18-02-2022,40
810,Jose,Sanchez,HR,41287.18,18-02-2024,50
811,Austin,Cook,Marketing,72695.76,31-01-2021,33
812,Sheri,Harris,Marketing,56796.66,17-03-2022,39
813,Jennifer,Barajas,Finance,38449.16,29-02-2024,27
814,Courtney,Holden,Marketing,45974.65,25-08-2021,58
815,James,Hernandez,HR,42210.53,12-10-2021,48
816,Jennifer,Ward,IT,81092.01,03-03-2024,48
817,Brittney,West,IT,67267.15,07-04-2021,44
818,Carrie,Ward,Marketing,65427.99,09-06-2023,31
819,Regina,Peck,Finance,65062.84,15-06-2022,47
820,Andrea,Graham,Operations,59984.74,26-09-2024,50
821,Dana,Perkins,Operations,64676.64,27-07-2021,24
822,Richard,Horn,HR,89155.87,04-06-2021,40
823,Andres,Banks,IT,41122.2,07-03-2020,59
824,Bobby,Silva,Finance,61326.23,12-01-2023,37
825,William,George,Operations,45158.58,28-02-2022,29
826,Jessica,Smith,Operations,36320.6,14-12-2023,46
827,Nicholas,Perez,Marketing,82514.24,23-01-2022,28
828,Sharon,Murphy,Finance,46047.71,25-04-2024,38
829,Anthony,Klein,IT,53638.72,19-12-2020,54
830,Robert,Diaz,HR,67344.35,26-01-2020,56
831,Lawrence,Hill,Marketing,89625.68,27-06-2024,22
832,Melissa,Walker,HR,31631.32,11-03-2021,22
833,William,Carr,Finance,33178.65,01-01-2022,26
834,Tyler,Dixon,Finance,69899.18,08-06-2021,40
835,Gregory,Stevens,IT,58465.47,13-11-2023,41
836,Mario,Craig,Finance,87099.39,18-04-2020,43
837,Laura,Smith,IT,38754.96,19-05-2021,31
838,Robin,Morgan,HR,72009.97,20-11-2024,57
839,Kim,Davis,Finance,56156.69,07-03-2024,41
840,Jenna,Jackson,Marketing,53038.67,19-05-2023,54
841,Taylor,Smith,Marketing,78555.46,21-09-2023,41
842,Kaylee,Lewis,Finance,73148.02,22-02-2024,39
843,Austin,Hall,HR,45702.75,03-06-2022,27
844,James,Bush,HR,65927.77,27-12-2020,24
845,Justin,Reynolds,Finance,41118.33,11-12-2020,55
846,Jill,Jones,HR,80168.48,15-08-2021,59
847,Michelle,Jenkins,Marketing,70584.74,30-06-2022,53
848,Nicholas,Kelley,Finance,74110.04,04-02-2020,54
849,Barbara,Morgan,Operations,96435.2,23-03-2023,57
850,Jeffrey,Ellison,Marketing,85272.92,08-03-2022,25
851,Jennifer,Pope,Finance,33955.54,08-06-2023,43
852,Patrick,Martin,IT,84448.52,28-07-2020,42
853,Hunter,Brooks,Marketing,31323.11,15-07-2024,38
854,Brian,Smith,Marketing,80679.51,05-12-2022,31
855,Stephanie,Hickman,IT,52316.84,20-03-2020,23
856,Richard,Welch,HR,48895.69,29-09-2020,59
857,Richard,Williams,IT,97692.47,28-09-2023,29
858,Heather,Ortiz,Operations,60848.71,16-01-2020,22
859,Cassandra,Johnson,Finance,87413.58,30-11-2023,47
860,Jeffrey,Hunt,Operations,44886.02,27-12-2022,55
861,Lauren,Hall,IT,38230.31,12-12-2020,35
862,Renee,Neal,IT,59280.96,28-01-2021,48
863,Christopher,Mcdonald,HR,36486.5,24-02-2023,53
864,Anthony,Howard,Operations,41560.78,10-05-2022,34
865,Danielle,Ritter,HR,73506.47,06-12-2021,36
866,John,Griffith,HR,40103.49,06-09-2024,57
867,Robert,Scott,IT,50483.22,07-09-2024,24
868,Richard,Garcia,HR,33263.94,05-09-2020,42
869,Edward,Adams,HR,61869.98,20-05-2023,37
870,Victoria,Brown,Finance,93150.32,17-12-2023,57
871,Makayla,Duncan,HR,83637.49,06-10-2024,47
872,Shawn,Mccall,Marketing,31612.28,15-03-2023,38
873,Anne,Andrade,Marketing,59539.34,08-04-2024,38
874,Bradley,Randall,IT,37186.49,02-09-2020,48
875,Jessica,Parsons,Marketing,97111.36,28-08-2021,59
876,Elizabeth,Moore,HR,83301.85,27-01-2020,24
877,Bobby,Wright,HR,38653.22,11-02-2022,30
878,Kimberly,Anderson,Finance,61449.16,30-05-2024,40
879,Matthew,Perez,Marketing,62012.81,27-12-2020,41
880,Robert,Hernandez,HR,36200.2,11-04-2023,25
881,Caleb,Coleman,HR,67917.74,25-07-2022,39
882,Jennifer,Dawson,Marketing,52692.5,21-08-2020,46
883,Karen,Freeman,Marketing,67350.59,01-08-2023,27
884,Erica,Johnson,Finance,40659.92,14-05-2023,29
885,Sharon,Allen,IT,94187.11,09-06-2020,55
886,Martha,Boone,Marketing,95270.85,29-07-2023,24
887,Holly,Brown,HR,36542.12,02-03-2023,28
888,Jason,Jackson,Finance,43270.35,14-08-2020,36
889,Darryl,Perez,Marketing,53632.67,28-10-2024,37
890,Alexandria,Ward,Marketing,85773.99,01-03-2020,42
891,Melanie,Mcdonald,Finance,68448.61,11-02-2024,58
892,Jackie,Brown,Operations,97362.56,14-05-2021,38
893,Diane,Collins,Operations,62058.9,05-06-2020,30
894,Aaron,Franklin,IT,93687.2,14-01-2020,45
895,Julia,Williams,Marketing,51382.13,03-01-2023,39
896,Victoria,Harris,Finance,42756.25,12-03-2024,60
897,Meghan,Ponce,Marketing,92191.88,16-03-2024,49
898,Michelle,Jones,Operations,91463.49,25-09-2021,22
899,Anthony,Wilson,Marketing,32848.52,07-05-2021,33
900,Christina,Christensen,Finance,88365.73,29-02-2024,23
901,Carl,Saunders,IT,92189.87,07-08-2024,44
902,Randy,Price,Finance,74474.62,25-04-2020,25
903,Daniel,Harris,Operations,50721.25,19-11-2020,35
904,Dylan,Gutierrez,IT,54211.39,29-12-2022,58
905,Nancy,Maldonado,Marketing,45823.63,16-04-2020,57
906,Sara,Oliver,Finance,49770.04,20-09-2020,43
907,Jeremy,Garcia,HR,83593.79,02-10-2023,30
908,Tanya,Greer,IT,82754.13,16-02-2021,52
909,Linda,Brown,Finance,62923.37,22-11-2022,32
910,Amber,Cain,Operations,32102.33,27-01-2023,31
911,Matthew,Peterson,Marketing,58309.2,22-10-2021,33
912,Joseph,Wilson,IT,76498.75,20-01-2021,28
913,Amy,Espinoza,Marketing,51103.96,11-09-2023,57
914,Sarah,Gonzalez,HR,88251.44,26-10-2022,34
915,Jason,Sherman,Marketing,34222.6,10-10-2023,43
916,Alexander,Holmes,IT,69887.63,25-03-2024,28
917,Cathy,Kelley,Marketing,38872.09,31-07-2022,57
918,Jason,Snyder,Operations,97239.73,07-03-2022,56
919,Brian,Wallace,Finance,88396.53,14-07-2021,38
920,Angel,Zavala,Finance,55551.65,02-02-2023,27
921,Morgan,Johnson,Finance,62547.88,01-07-2021,35
922,Elizabeth,Hughes,IT,33568.81,28-03-2020,59
923,Katelyn,Gray,Marketing,50772.67,31-10-2023,50
924,James,Wilson,Marketing,91535.3,28-06-2023,57
925,Alicia,Thomas,Marketing,93462.31,29-11-2022,48
926,Nathan,Williams,Marketing,52445.13,22-02-2021,60
927,Tommy,Bernard,Operations,58384.65,05-09-2021,57
928,Kaitlyn,Clarke,Finance,72249.16,09-11-2021,24
929,Rachel,Becker,IT,35834.57,04-06-2021,44
930,David,Jimenez,Finance,66467.1,29-03-2020,36
931,Tiffany,Spence,Operations,76371.94,15-05-2021,39
932,Glen,Barron,Operations,43998.01,01-06-2021,38
933,Roberto,Jones,Finance,66070.35,05-03-2022,49
934,Joseph,Merritt,Marketing,82668.3,10-04-2021,35
935,Nicholas,Chavez,Marketing,49851.17,08-09-2021,44
936,Dean,Gonzalez,IT,30406.74,22-12-2019,25
937,Kylie,Cummings,HR,32406.3,29-07-2020,52
938,Matthew,Daugherty,Operations,35081.48,01-03-2020,36
939,Jeremy,Kirby,Operations,32632.1,13-07-2024,54
940,Patricia,Ferguson,Finance,60963.99,28-06-2020,33
941,Michelle,Bartlett,Finance,90761.51,08-09-2024,54
942,Rose,Jones,Operations,64451.77,26-11-2024,36
943,Jennifer,Stein,IT,76122.86,11-03-2022,39
944,David,Hines,Operations,35092.03,14-10-2024,56
945,Sarah,Chapman,IT,38301.3,02-03-2020,25
946,Jamie,Williams,IT,85240.21,24-04-2020,28
947,Kathleen,Martinez,Operations,71643.66,05-10-2022,48
948,John,Ward,Marketing,32104.25,12-09-2024,47
949,Matthew,Lewis,IT,59412.38,11-02-2020,35
950,Jacob,Reed,Finance,75920.14,10-05-2020,33
951,Lindsay,Jones,Operations,44721.8,01-08-2021,44
952,Shari,Morgan,Finance,31036.35,28-05-2022,30
953,Christopher,Roberts,IT,85941.13,23-04-2023,39
954,Carmen,Webb,Finance,69940.18,08-09-2024,46
955,Jonathan,Brewer,IT,53942.56,04-06-2021,40
956,Michelle,Martin,Operations,92597.05,16-07-2021,60
957,Eric,Perez,Operations,90045.2,15-11-2024,43
958,Laura,Bass,HR,37031.75,29-04-2020,47
959,Alexandria,Foster,HR,49420.84,16-12-2021,55
960,Jason,Noble,Operations,54151.84,24-10-2022,29
961,Stephen,Frey,Finance,57261.68,07-07-2023,32
962,Erica,Bautista,Finance,72656.93,14-01-2021,28
963,Roberto,Gutierrez,Finance,56078.16,26-09-2024,43
964,Carla,Barker,HR,76766.15,20-10-2020,45
965,Heather,Baldwin,Finance,57149.01,03-01-2024,44
966,Jeffrey,Flores,Finance,80654.57,24-03-2024,45
967,Adam,Bradshaw,HR,71955.56,13-05-2024,24
968,Sharon,Mejia,HR,96890.76,11-08-2020,47
969,Mary,Santos,Marketing,77416.12,26-07-2023,33
970,Travis,Richardson,Finance,41761.19,22-10-2023,52
971,Kimberly,Hill,Finance,38040.89,10-11-2020,55
972,Brian,Fields,Marketing,95908.28,10-06-2023,33
973,Jenna,Reeves,Finance,82632.42,31-10-2021,42
974,Angela,Higgins,Operations,45452.52,09-08-2020,23
975,Anna,Rogers,IT,98904.04,03-04-2021,58
976,Adam,Rush,Finance,70638.71,26-06-2023,47
977,Courtney,Andersen,Operations,30133.72,29-10-2023,33
978,Brenda,Joyce,IT,41966.82,14-11-2020,42
979,James,Brown,Finance,31054.69,13-05-2020,25
980,Jason,Bailey,IT,93593.58,07-11-2021,53
981,Timothy,English,Marketing,66114.78,30-07-2020,27
982,Adam,Lowe,IT,93174.12,21-09-2024,27
983,Rebecca,Crosby,Finance,52424.11,16-11-2023,38
984,Charles,Morris,Finance,66316.14,11-04-2024,38
985,Daniel,Kelley,Finance,76269.41,19-11-2023,22
986,Alex,Johnston,Finance,78005.06,12-03-2023,60
987,Michelle,Koch,Operations,57775.65,04-01-2023,33
988,Mason,Tran,Finance,73823.79,13-10-2022,46
989,Benjamin,Martinez,Operations,45594.95,11-08-2022,35
990,Frank,Miller,IT,73566.74,19-11-2020,51
991,Dillon,Maldonado,IT,31881.6,17-07-2020,56
992,Angela,Jones,HR,31208.08,01-06-2021,38
993,Richard,Bright,HR,39884.28,07-07-2021,36
994,Daniel,White,Finance,34859.95,16-11-2020,39
995,Mary,Wagner,Marketing,35956.07,15-12-2023,45
996,Brandi,Cowan,Finance,97102.57,07-11-2024,41
997,Michael,Gray,IT,40509.73,11-03-2023,37
998,Cassandra,Rodriguez,Finance,72886.03,25-07-2024,32
999,April,Howard,Operations,32177.63,06-04-2022,29
1000,Benjamin,Palmer,IT,87670.82,03-04-2020,38
